run_id,experiment_id,status,artifact_uri,start_time,end_time,metrics.ibs,metrics.c_index_ipcw,params.random_warp_status_times,params.model_class,params.add_noise_temperature,params.by_metric,params.n_dev,params.add_noise,params.max_noise,params.max_noise_temperature,params.random_max_time_warp_percent,params.n_aug,tags.mlflow.runName,tags.mlflow.user,tags.mlflow.source.type,tags.mlflow.source.name
c1a74710afa44812bcbdbff80e9d7306,549101132328494905,FINISHED,/home/nkuechen/Documents/Thesis/mlruns/549101132328494905/c1a74710afa44812bcbdbff80e9d7306/artifacts,2024-07-14 17:13:50.394000+00:00,2024-07-14 17:23:39.547000+00:00,0.16324804599338888,0.8503274832320885,True,RandomSurvivalForest,True,metrics.ibs,40,True,20,0,1.0,10,2024-07-14T19:13:50,nkuechen,LOCAL,/home/nkuechen/miniconda3/envs/ba_niklas/lib/python3.11/site-packages/ipykernel_launcher.py
ee35c6ce41714e2389e4fba76ebcef33,549101132328494905,FINISHED,/home/nkuechen/Documents/Thesis/mlruns/549101132328494905/ee35c6ce41714e2389e4fba76ebcef33/artifacts,2024-07-14 17:07:54.641000+00:00,2024-07-14 17:13:50.298000+00:00,0.15041196696172665,0.8131267718699485,True,RandomSurvivalForest,True,metrics.ibs,40,True,20,0,1.0,5,2024-07-14T19:07:54,nkuechen,LOCAL,/home/nkuechen/miniconda3/envs/ba_niklas/lib/python3.11/site-packages/ipykernel_launcher.py
b033eca56ed94ac7b5905b71cc286779,549101132328494905,FINISHED,/home/nkuechen/Documents/Thesis/mlruns/549101132328494905/b033eca56ed94ac7b5905b71cc286779/artifacts,2024-07-14 17:03:46.542000+00:00,2024-07-14 17:07:54.514000+00:00,0.08802805819848517,0.8737103362164989,True,RandomSurvivalForest,True,metrics.ibs,40,True,20,0,1.0,3,2024-07-14T19:03:46,nkuechen,LOCAL,/home/nkuechen/miniconda3/envs/ba_niklas/lib/python3.11/site-packages/ipykernel_launcher.py
7294afd59dc54b4c8d9aadc18d51fc45,549101132328494905,FINISHED,/home/nkuechen/Documents/Thesis/mlruns/549101132328494905/7294afd59dc54b4c8d9aadc18d51fc45/artifacts,2024-07-14 17:01:24.787000+00:00,2024-07-14 17:03:46.445000+00:00,0.07668457703361094,0.8962603478656659,True,RandomSurvivalForest,True,metrics.ibs,40,True,20,0,1.0,1,2024-07-14T19:01:24,nkuechen,LOCAL,/home/nkuechen/miniconda3/envs/ba_niklas/lib/python3.11/site-packages/ipykernel_launcher.py
8a709bc8e2d445e29d98062f21c92f71,549101132328494905,FINISHED,/home/nkuechen/Documents/Thesis/mlruns/549101132328494905/8a709bc8e2d445e29d98062f21c92f71/artifacts,2024-07-14 16:51:14.487000+00:00,2024-07-14 17:01:24.690000+00:00,0.1776085752143589,0.8611027337410263,True,CoxPHFitter,True,metrics.ibs,40,True,20,5,1.0,10,2024-07-14T18:51:14,nkuechen,LOCAL,/home/nkuechen/miniconda3/envs/ba_niklas/lib/python3.11/site-packages/ipykernel_launcher.py
84394bb048f041759d3dbe58886cf9ba,549101132328494905,FINISHED,/home/nkuechen/Documents/Thesis/mlruns/549101132328494905/84394bb048f041759d3dbe58886cf9ba/artifacts,2024-07-14 16:45:50.596000+00:00,2024-07-14 16:51:14.379000+00:00,0.16841906440550533,0.8927272349987463,True,CoxPHFitter,True,metrics.ibs,40,True,20,5,1.0,5,2024-07-14T18:45:50,nkuechen,LOCAL,/home/nkuechen/miniconda3/envs/ba_niklas/lib/python3.11/site-packages/ipykernel_launcher.py
73d0fc09aee743378fe100b1e867f3ae,549101132328494905,FINISHED,/home/nkuechen/Documents/Thesis/mlruns/549101132328494905/73d0fc09aee743378fe100b1e867f3ae/artifacts,2024-07-14 16:42:13.976000+00:00,2024-07-14 16:45:50.512000+00:00,0.10523880786263981,0.8530688666778169,True,CoxPHFitter,True,metrics.ibs,40,True,20,5,1.0,3,2024-07-14T18:42:13,nkuechen,LOCAL,/home/nkuechen/miniconda3/envs/ba_niklas/lib/python3.11/site-packages/ipykernel_launcher.py
635ce0aa430545adb068de39195ca3a9,549101132328494905,FINISHED,/home/nkuechen/Documents/Thesis/mlruns/549101132328494905/635ce0aa430545adb068de39195ca3a9/artifacts,2024-07-14 16:40:05.048000+00:00,2024-07-14 16:42:13.891000+00:00,0.07284332474862912,0.8930299820607264,True,CoxPHFitter,True,metrics.ibs,40,True,20,5,1.0,1,2024-07-14T18:40:05,nkuechen,LOCAL,/home/nkuechen/miniconda3/envs/ba_niklas/lib/python3.11/site-packages/ipykernel_launcher.py
1b94379f789945bdb4fedeac3982927c,549101132328494905,FINISHED,/home/nkuechen/Documents/Thesis/mlruns/549101132328494905/1b94379f789945bdb4fedeac3982927c/artifacts,2024-07-14 16:30:45.881000+00:00,2024-07-14 16:40:04.961000+00:00,0.11070218946818267,0.8709689550534817,True,RandomSurvivalForest,True,metrics.ibs,40,True,20,0,1.0,10,2024-07-14T18:30:45,nkuechen,LOCAL,/home/nkuechen/miniconda3/envs/ba_niklas/lib/python3.11/site-packages/ipykernel_launcher.py
85e6f0749d3744da96056662f7132c94,549101132328494905,FINISHED,/home/nkuechen/Documents/Thesis/mlruns/549101132328494905/85e6f0749d3744da96056662f7132c94/artifacts,2024-07-14 16:25:23.731000+00:00,2024-07-14 16:30:45.796000+00:00,0.10977462020492561,0.8523386177956631,True,RandomSurvivalForest,True,metrics.ibs,40,True,20,0,1.0,5,2024-07-14T18:25:23,nkuechen,LOCAL,/home/nkuechen/miniconda3/envs/ba_niklas/lib/python3.11/site-packages/ipykernel_launcher.py
32f4da7c48974df388854d84aa908484,549101132328494905,FINISHED,/home/nkuechen/Documents/Thesis/mlruns/549101132328494905/32f4da7c48974df388854d84aa908484/artifacts,2024-07-14 16:21:21.427000+00:00,2024-07-14 16:25:23.645000+00:00,0.10804761788839135,0.8895697055362562,True,RandomSurvivalForest,True,metrics.ibs,40,True,20,0,1.0,3,2024-07-14T18:21:21,nkuechen,LOCAL,/home/nkuechen/miniconda3/envs/ba_niklas/lib/python3.11/site-packages/ipykernel_launcher.py
850d907bddbf43b686a11d88cb7ccbf2,549101132328494905,FINISHED,/home/nkuechen/Documents/Thesis/mlruns/549101132328494905/850d907bddbf43b686a11d88cb7ccbf2/artifacts,2024-07-14 16:18:55.874000+00:00,2024-07-14 16:21:21.341000+00:00,0.0966723856644519,0.9081821378446066,True,RandomSurvivalForest,True,metrics.ibs,40,True,20,0,1.0,1,2024-07-14T18:18:55,nkuechen,LOCAL,/home/nkuechen/miniconda3/envs/ba_niklas/lib/python3.11/site-packages/ipykernel_launcher.py
e9a34c6e1d5b4b8181175c3367204cf0,549101132328494905,FINISHED,/home/nkuechen/Documents/Thesis/mlruns/549101132328494905/e9a34c6e1d5b4b8181175c3367204cf0/artifacts,2024-07-14 16:08:48.675000+00:00,2024-07-14 16:18:55.776000+00:00,0.15304135863767487,0.8892474401313115,True,CoxPHFitter,True,metrics.ibs,40,True,20,5,1.0,10,2024-07-14T18:08:48,nkuechen,LOCAL,/home/nkuechen/miniconda3/envs/ba_niklas/lib/python3.11/site-packages/ipykernel_launcher.py
5c671865faf542dca8c7745563a4eb48,549101132328494905,FINISHED,/home/nkuechen/Documents/Thesis/mlruns/549101132328494905/5c671865faf542dca8c7745563a4eb48/artifacts,2024-07-14 16:03:17.394000+00:00,2024-07-14 16:08:48.584000+00:00,0.12204085893241105,0.9252914811497583,True,CoxPHFitter,True,metrics.ibs,40,True,20,5,1.0,5,2024-07-14T18:03:17,nkuechen,LOCAL,/home/nkuechen/miniconda3/envs/ba_niklas/lib/python3.11/site-packages/ipykernel_launcher.py
8b3ee6fb6ba04508b2c0a767a260b388,549101132328494905,FINISHED,/home/nkuechen/Documents/Thesis/mlruns/549101132328494905/8b3ee6fb6ba04508b2c0a767a260b388/artifacts,2024-07-14 15:59:12.350000+00:00,2024-07-14 16:03:17.298000+00:00,0.09163829225104378,0.8591310408877293,True,CoxPHFitter,True,metrics.ibs,40,True,20,5,1.0,3,2024-07-14T17:59:12,nkuechen,LOCAL,/home/nkuechen/miniconda3/envs/ba_niklas/lib/python3.11/site-packages/ipykernel_launcher.py
bf8a8061f24945d298cfbb0405a44d2f,549101132328494905,FINISHED,/home/nkuechen/Documents/Thesis/mlruns/549101132328494905/bf8a8061f24945d298cfbb0405a44d2f/artifacts,2024-07-14 15:56:58.460000+00:00,2024-07-14 15:59:12.258000+00:00,0.08892580499024375,0.8901404708012876,True,CoxPHFitter,True,metrics.ibs,40,True,20,5,1.0,1,2024-07-14T17:56:58,nkuechen,LOCAL,/home/nkuechen/miniconda3/envs/ba_niklas/lib/python3.11/site-packages/ipykernel_launcher.py
20c01747b5bd40f4acd128169e913d3b,549101132328494905,FINISHED,/home/nkuechen/Documents/Thesis/mlruns/549101132328494905/20c01747b5bd40f4acd128169e913d3b/artifacts,2024-07-14 15:47:32.042000+00:00,2024-07-14 15:56:58.370000+00:00,0.1781749899912085,0.8652675118909332,True,RandomSurvivalForest,True,metrics.ibs,40,True,20,0,1.0,10,2024-07-14T17:47:32,nkuechen,LOCAL,/home/nkuechen/miniconda3/envs/ba_niklas/lib/python3.11/site-packages/ipykernel_launcher.py
debf91e192304b58a2115ffe7ae5f592,549101132328494905,FINISHED,/home/nkuechen/Documents/Thesis/mlruns/549101132328494905/debf91e192304b58a2115ffe7ae5f592/artifacts,2024-07-14 15:41:56.699000+00:00,2024-07-14 15:47:31.952000+00:00,0.15656689911856678,0.847868857841255,True,RandomSurvivalForest,True,metrics.ibs,40,True,20,0,1.0,5,2024-07-14T17:41:56,nkuechen,LOCAL,/home/nkuechen/miniconda3/envs/ba_niklas/lib/python3.11/site-packages/ipykernel_launcher.py
d9dcad8c87e04f49aed9ea717aec4026,549101132328494905,FINISHED,/home/nkuechen/Documents/Thesis/mlruns/549101132328494905/d9dcad8c87e04f49aed9ea717aec4026/artifacts,2024-07-14 15:38:14.387000+00:00,2024-07-14 15:41:56.619000+00:00,0.12452207268031334,0.8655520718821893,True,RandomSurvivalForest,True,metrics.ibs,40,True,20,0,1.0,3,2024-07-14T17:38:14,nkuechen,LOCAL,/home/nkuechen/miniconda3/envs/ba_niklas/lib/python3.11/site-packages/ipykernel_launcher.py
1ea1525fb7894b80a90eef09a409a112,549101132328494905,FINISHED,/home/nkuechen/Documents/Thesis/mlruns/549101132328494905/1ea1525fb7894b80a90eef09a409a112/artifacts,2024-07-14 15:36:10.408000+00:00,2024-07-14 15:38:14.306000+00:00,0.07940849707619588,0.885833946306253,True,RandomSurvivalForest,True,metrics.ibs,40,True,20,0,1.0,1,2024-07-14T17:36:10,nkuechen,LOCAL,/home/nkuechen/miniconda3/envs/ba_niklas/lib/python3.11/site-packages/ipykernel_launcher.py
832d23ef4bb546d197eca29f154e618d,549101132328494905,FINISHED,/home/nkuechen/Documents/Thesis/mlruns/549101132328494905/832d23ef4bb546d197eca29f154e618d/artifacts,2024-07-14 15:27:37.119000+00:00,2024-07-14 15:36:10.326000+00:00,0.1468012450362682,0.878674430252512,True,CoxPHFitter,True,metrics.ibs,40,True,20,5,1.0,10,2024-07-14T17:27:37,nkuechen,LOCAL,/home/nkuechen/miniconda3/envs/ba_niklas/lib/python3.11/site-packages/ipykernel_launcher.py
5f70d19186de445184221828ba269c25,549101132328494905,FINISHED,/home/nkuechen/Documents/Thesis/mlruns/549101132328494905/5f70d19186de445184221828ba269c25/artifacts,2024-07-14 15:22:41.656000+00:00,2024-07-14 15:27:37.040000+00:00,0.14113175318000665,0.8772994625738825,True,CoxPHFitter,True,metrics.ibs,40,True,20,5,1.0,5,2024-07-14T17:22:41,nkuechen,LOCAL,/home/nkuechen/miniconda3/envs/ba_niklas/lib/python3.11/site-packages/ipykernel_launcher.py
b496f434f4d94800a8e74c475c7d9646,549101132328494905,FINISHED,/home/nkuechen/Documents/Thesis/mlruns/549101132328494905/b496f434f4d94800a8e74c475c7d9646/artifacts,2024-07-14 15:19:09.946000+00:00,2024-07-14 15:22:41.576000+00:00,0.11640690669901553,0.8817257494695923,True,CoxPHFitter,True,metrics.ibs,40,True,20,5,1.0,3,2024-07-14T17:19:09,nkuechen,LOCAL,/home/nkuechen/miniconda3/envs/ba_niklas/lib/python3.11/site-packages/ipykernel_launcher.py
62e702c9a7754ff4a528be5baeefba4d,549101132328494905,FINISHED,/home/nkuechen/Documents/Thesis/mlruns/549101132328494905/62e702c9a7754ff4a528be5baeefba4d/artifacts,2024-07-14 15:17:00.647000+00:00,2024-07-14 15:19:09.864000+00:00,0.07759543246606404,0.855927438675814,True,CoxPHFitter,True,metrics.ibs,40,True,20,5,1.0,1,2024-07-14T17:17:00,nkuechen,LOCAL,/home/nkuechen/miniconda3/envs/ba_niklas/lib/python3.11/site-packages/ipykernel_launcher.py
6e9e3b1bb7584810b71ee4f2257c4de2,549101132328494905,FINISHED,/home/nkuechen/Documents/Thesis/mlruns/549101132328494905/6e9e3b1bb7584810b71ee4f2257c4de2/artifacts,2024-07-14 15:06:51.809000+00:00,2024-07-14 15:17:00.563000+00:00,0.13721107196779345,0.8777472583578054,True,RandomSurvivalForest,True,metrics.ibs,40,True,20,0,1.0,10,2024-07-14T17:06:51,nkuechen,LOCAL,/home/nkuechen/miniconda3/envs/ba_niklas/lib/python3.11/site-packages/ipykernel_launcher.py
e7f5834a75714f99b9343c235a7d9e80,549101132328494905,FINISHED,/home/nkuechen/Documents/Thesis/mlruns/549101132328494905/e7f5834a75714f99b9343c235a7d9e80/artifacts,2024-07-14 15:00:33.779000+00:00,2024-07-14 15:06:51.697000+00:00,0.14517171293043513,0.8598030826057917,True,RandomSurvivalForest,True,metrics.ibs,40,True,20,0,1.0,5,2024-07-14T17:00:33,nkuechen,LOCAL,/home/nkuechen/miniconda3/envs/ba_niklas/lib/python3.11/site-packages/ipykernel_launcher.py
01379b6275e04db896a3ae90f011a21f,549101132328494905,FINISHED,/home/nkuechen/Documents/Thesis/mlruns/549101132328494905/01379b6275e04db896a3ae90f011a21f/artifacts,2024-07-14 14:56:18.685000+00:00,2024-07-14 15:00:33.672000+00:00,0.1196421421357372,0.8679190089335711,True,RandomSurvivalForest,True,metrics.ibs,40,True,20,0,1.0,3,2024-07-14T16:56:18,nkuechen,LOCAL,/home/nkuechen/miniconda3/envs/ba_niklas/lib/python3.11/site-packages/ipykernel_launcher.py
a42f7e6f95224a7ea48fe66f6de5982d,549101132328494905,FINISHED,/home/nkuechen/Documents/Thesis/mlruns/549101132328494905/a42f7e6f95224a7ea48fe66f6de5982d/artifacts,2024-07-14 14:53:39.402000+00:00,2024-07-14 14:56:18.583000+00:00,0.09650981006198016,0.888914887125293,True,RandomSurvivalForest,True,metrics.ibs,40,True,20,0,1.0,1,2024-07-14T16:53:39,nkuechen,LOCAL,/home/nkuechen/miniconda3/envs/ba_niklas/lib/python3.11/site-packages/ipykernel_launcher.py
86aea5b3aa844343a5539986a49b3c61,549101132328494905,FINISHED,/home/nkuechen/Documents/Thesis/mlruns/549101132328494905/86aea5b3aa844343a5539986a49b3c61/artifacts,2024-07-14 14:43:27.721000+00:00,2024-07-14 14:53:39.309000+00:00,0.1755359769066151,0.8648242641232988,True,CoxPHFitter,True,metrics.ibs,40,True,20,5,1.0,10,2024-07-14T16:43:27,nkuechen,LOCAL,/home/nkuechen/miniconda3/envs/ba_niklas/lib/python3.11/site-packages/ipykernel_launcher.py
7fd9dca23cb7487281261fc53f834a4f,549101132328494905,FINISHED,/home/nkuechen/Documents/Thesis/mlruns/549101132328494905/7fd9dca23cb7487281261fc53f834a4f/artifacts,2024-07-14 14:37:23.282000+00:00,2024-07-14 14:43:27.610000+00:00,0.11803779979244922,0.8844853986456291,True,CoxPHFitter,True,metrics.ibs,40,True,20,5,1.0,5,2024-07-14T16:37:23,nkuechen,LOCAL,/home/nkuechen/miniconda3/envs/ba_niklas/lib/python3.11/site-packages/ipykernel_launcher.py
066f4b35227c4d30881c7e8c2529a725,549101132328494905,FINISHED,/home/nkuechen/Documents/Thesis/mlruns/549101132328494905/066f4b35227c4d30881c7e8c2529a725/artifacts,2024-07-14 14:33:16.696000+00:00,2024-07-14 14:37:23.200000+00:00,0.1042882378688834,0.8438960546725424,True,CoxPHFitter,True,metrics.ibs,40,True,20,5,1.0,3,2024-07-14T16:33:16,nkuechen,LOCAL,/home/nkuechen/miniconda3/envs/ba_niklas/lib/python3.11/site-packages/ipykernel_launcher.py
71442e83ffd741cb87919cd9702739c4,549101132328494905,FINISHED,/home/nkuechen/Documents/Thesis/mlruns/549101132328494905/71442e83ffd741cb87919cd9702739c4/artifacts,2024-07-14 14:31:06.883000+00:00,2024-07-14 14:33:16.583000+00:00,0.07922267601350849,0.8745601831709328,True,CoxPHFitter,True,metrics.ibs,40,True,20,5,1.0,1,2024-07-14T16:31:06,nkuechen,LOCAL,/home/nkuechen/miniconda3/envs/ba_niklas/lib/python3.11/site-packages/ipykernel_launcher.py
a36c10ddee6d41e5b1caba87015c6190,549101132328494905,FINISHED,/home/nkuechen/Documents/Thesis/mlruns/549101132328494905/a36c10ddee6d41e5b1caba87015c6190/artifacts,2024-07-14 14:21:32.537000+00:00,2024-07-14 14:31:06.799000+00:00,0.16262882169276172,0.8666785815707215,True,RandomSurvivalForest,True,metrics.ibs,40,True,20,0,1.0,10,2024-07-14T16:21:32,nkuechen,LOCAL,/home/nkuechen/miniconda3/envs/ba_niklas/lib/python3.11/site-packages/ipykernel_launcher.py
1873780f89204c7eab1d8b680f2cbfd5,549101132328494905,FINISHED,/home/nkuechen/Documents/Thesis/mlruns/549101132328494905/1873780f89204c7eab1d8b680f2cbfd5/artifacts,2024-07-14 14:16:04.169000+00:00,2024-07-14 14:21:32.446000+00:00,0.11774473302212414,0.8560757137880624,True,RandomSurvivalForest,True,metrics.ibs,40,True,20,0,1.0,5,2024-07-14T16:16:04,nkuechen,LOCAL,/home/nkuechen/miniconda3/envs/ba_niklas/lib/python3.11/site-packages/ipykernel_launcher.py
a84882ca9c464b6aaf02cde29d9d20f9,549101132328494905,FINISHED,/home/nkuechen/Documents/Thesis/mlruns/549101132328494905/a84882ca9c464b6aaf02cde29d9d20f9/artifacts,2024-07-14 14:12:13.956000+00:00,2024-07-14 14:16:04.078000+00:00,0.10415832944822807,0.8568401129628329,True,RandomSurvivalForest,True,metrics.ibs,40,True,20,0,1.0,3,2024-07-14T16:12:13,nkuechen,LOCAL,/home/nkuechen/miniconda3/envs/ba_niklas/lib/python3.11/site-packages/ipykernel_launcher.py
db600b593f72465fb2eaf86970085b3b,549101132328494905,FINISHED,/home/nkuechen/Documents/Thesis/mlruns/549101132328494905/db600b593f72465fb2eaf86970085b3b/artifacts,2024-07-14 14:09:53.187000+00:00,2024-07-14 14:12:13.855000+00:00,0.07819218643706462,0.9001562613289285,True,RandomSurvivalForest,True,metrics.ibs,40,True,20,0,1.0,1,2024-07-14T16:09:53,nkuechen,LOCAL,/home/nkuechen/miniconda3/envs/ba_niklas/lib/python3.11/site-packages/ipykernel_launcher.py
fe798e2d56474096b3e8d9bdd20503cf,549101132328494905,FINISHED,/home/nkuechen/Documents/Thesis/mlruns/549101132328494905/fe798e2d56474096b3e8d9bdd20503cf/artifacts,2024-07-14 13:59:49.508000+00:00,2024-07-14 14:09:53.088000+00:00,0.16674546001292195,0.9165442674246035,True,CoxPHFitter,True,metrics.ibs,40,True,20,5,1.0,10,2024-07-14T15:59:49,nkuechen,LOCAL,/home/nkuechen/miniconda3/envs/ba_niklas/lib/python3.11/site-packages/ipykernel_launcher.py
6e295e4b34c443239070fb84e17b13a9,549101132328494905,FINISHED,/home/nkuechen/Documents/Thesis/mlruns/549101132328494905/6e295e4b34c443239070fb84e17b13a9/artifacts,2024-07-14 13:53:53.457000+00:00,2024-07-14 13:59:49.431000+00:00,0.16172526615363697,0.8861568404040516,True,CoxPHFitter,True,metrics.ibs,40,True,20,5,1.0,5,2024-07-14T15:53:53,nkuechen,LOCAL,/home/nkuechen/miniconda3/envs/ba_niklas/lib/python3.11/site-packages/ipykernel_launcher.py
87e776eb771b4c7186b6e92030aa3ea7,549101132328494905,FINISHED,/home/nkuechen/Documents/Thesis/mlruns/549101132328494905/87e776eb771b4c7186b6e92030aa3ea7/artifacts,2024-07-14 13:49:38.438000+00:00,2024-07-14 13:53:53.355000+00:00,0.12180657546082047,0.9111260965285687,True,CoxPHFitter,True,metrics.ibs,40,True,20,5,1.0,3,2024-07-14T15:49:38,nkuechen,LOCAL,/home/nkuechen/miniconda3/envs/ba_niklas/lib/python3.11/site-packages/ipykernel_launcher.py
4ff5f859fc804bcf8f2f84f508b452cb,549101132328494905,FINISHED,/home/nkuechen/Documents/Thesis/mlruns/549101132328494905/4ff5f859fc804bcf8f2f84f508b452cb/artifacts,2024-07-14 13:47:06.334000+00:00,2024-07-14 13:49:38.337000+00:00,0.06588007648151344,0.8978488398714619,True,CoxPHFitter,True,metrics.ibs,40,True,20,5,1.0,1,2024-07-14T15:47:06,nkuechen,LOCAL,/home/nkuechen/miniconda3/envs/ba_niklas/lib/python3.11/site-packages/ipykernel_launcher.py
e50b37fb166b4b0da05df2060b361b7b,549101132328494905,FINISHED,/home/nkuechen/Documents/Thesis/mlruns/549101132328494905/e50b37fb166b4b0da05df2060b361b7b/artifacts,2024-07-14 13:41:31.866000+00:00,2024-07-14 13:47:06.227000+00:00,0.10245617876788601,0.8734406944934118,True,RandomSurvivalForest,True,metrics.ibs,20,True,20,0,1.0,10,2024-07-14T15:41:31,nkuechen,LOCAL,/home/nkuechen/miniconda3/envs/ba_niklas/lib/python3.11/site-packages/ipykernel_launcher.py
2fd1f736630d468f863994bd424a6b2e,549101132328494905,FINISHED,/home/nkuechen/Documents/Thesis/mlruns/549101132328494905/2fd1f736630d468f863994bd424a6b2e/artifacts,2024-07-14 13:38:19.987000+00:00,2024-07-14 13:41:31.765000+00:00,0.10713712651077101,0.8518286408917274,True,RandomSurvivalForest,True,metrics.ibs,20,True,20,0,1.0,5,2024-07-14T15:38:19,nkuechen,LOCAL,/home/nkuechen/miniconda3/envs/ba_niklas/lib/python3.11/site-packages/ipykernel_launcher.py
c97ade1f59344b55929d860983e2b4bb,549101132328494905,FINISHED,/home/nkuechen/Documents/Thesis/mlruns/549101132328494905/c97ade1f59344b55929d860983e2b4bb/artifacts,2024-07-14 13:36:04.379000+00:00,2024-07-14 13:38:19.898000+00:00,0.12414801064449275,0.8162772418808185,True,RandomSurvivalForest,True,metrics.ibs,20,True,20,0,1.0,3,2024-07-14T15:36:04,nkuechen,LOCAL,/home/nkuechen/miniconda3/envs/ba_niklas/lib/python3.11/site-packages/ipykernel_launcher.py
6b00f3156eaf4c0b81571bbb9225719a,549101132328494905,FINISHED,/home/nkuechen/Documents/Thesis/mlruns/549101132328494905/6b00f3156eaf4c0b81571bbb9225719a/artifacts,2024-07-14 13:34:40.795000+00:00,2024-07-14 13:36:04.293000+00:00,0.09212027512441784,0.8799575692480897,True,RandomSurvivalForest,True,metrics.ibs,20,True,20,0,1.0,1,2024-07-14T15:34:40,nkuechen,LOCAL,/home/nkuechen/miniconda3/envs/ba_niklas/lib/python3.11/site-packages/ipykernel_launcher.py
e13f35fb71074292b923d06ef447cb19,549101132328494905,FINISHED,/home/nkuechen/Documents/Thesis/mlruns/549101132328494905/e13f35fb71074292b923d06ef447cb19/artifacts,2024-07-14 13:29:46.622000+00:00,2024-07-14 13:34:40.706000+00:00,0.14994018195626474,0.8760810999020648,True,CoxPHFitter,True,metrics.ibs,20,True,20,5,1.0,10,2024-07-14T15:29:46,nkuechen,LOCAL,/home/nkuechen/miniconda3/envs/ba_niklas/lib/python3.11/site-packages/ipykernel_launcher.py
1666e4f4f52443c48fb90ac031562fb4,549101132328494905,FINISHED,/home/nkuechen/Documents/Thesis/mlruns/549101132328494905/1666e4f4f52443c48fb90ac031562fb4/artifacts,2024-07-14 13:26:45.074000+00:00,2024-07-14 13:29:46.533000+00:00,0.11344293821420919,0.857225149939155,True,CoxPHFitter,True,metrics.ibs,20,True,20,5,1.0,5,2024-07-14T15:26:45,nkuechen,LOCAL,/home/nkuechen/miniconda3/envs/ba_niklas/lib/python3.11/site-packages/ipykernel_launcher.py
c4ab588cbb5b41a3b9e35eacb62bbea3,549101132328494905,FINISHED,/home/nkuechen/Documents/Thesis/mlruns/549101132328494905/c4ab588cbb5b41a3b9e35eacb62bbea3/artifacts,2024-07-14 13:24:34.603000+00:00,2024-07-14 13:26:44.981000+00:00,0.12254706121460927,0.851116674781562,True,CoxPHFitter,True,metrics.ibs,20,True,20,5,1.0,3,2024-07-14T15:24:34,nkuechen,LOCAL,/home/nkuechen/miniconda3/envs/ba_niklas/lib/python3.11/site-packages/ipykernel_launcher.py
8d0c569b9d3c4e85bd9fed766800cbdb,549101132328494905,FINISHED,/home/nkuechen/Documents/Thesis/mlruns/549101132328494905/8d0c569b9d3c4e85bd9fed766800cbdb/artifacts,2024-07-14 13:23:09.860000+00:00,2024-07-14 13:24:34.516000+00:00,0.13005294075925972,0.8711737475131156,True,CoxPHFitter,True,metrics.ibs,20,True,20,5,1.0,1,2024-07-14T15:23:09,nkuechen,LOCAL,/home/nkuechen/miniconda3/envs/ba_niklas/lib/python3.11/site-packages/ipykernel_launcher.py
9b0f0c85ed264bee999091d1fda70e28,549101132328494905,FINISHED,/home/nkuechen/Documents/Thesis/mlruns/549101132328494905/9b0f0c85ed264bee999091d1fda70e28/artifacts,2024-07-14 13:18:03.421000+00:00,2024-07-14 13:23:09.771000+00:00,0.12274408847455905,0.8399993979253464,True,RandomSurvivalForest,True,metrics.ibs,20,True,20,0,1.0,10,2024-07-14T15:18:03,nkuechen,LOCAL,/home/nkuechen/miniconda3/envs/ba_niklas/lib/python3.11/site-packages/ipykernel_launcher.py
248f52612ea748f99facbd2a53ff90a0,549101132328494905,FINISHED,/home/nkuechen/Documents/Thesis/mlruns/549101132328494905/248f52612ea748f99facbd2a53ff90a0/artifacts,2024-07-14 13:14:53.308000+00:00,2024-07-14 13:18:03.318000+00:00,0.11493885583193689,0.8275666589482493,True,RandomSurvivalForest,True,metrics.ibs,20,True,20,0,1.0,5,2024-07-14T15:14:53,nkuechen,LOCAL,/home/nkuechen/miniconda3/envs/ba_niklas/lib/python3.11/site-packages/ipykernel_launcher.py
9a76fd8f6b8d48e6b3163a1830c021c1,549101132328494905,FINISHED,/home/nkuechen/Documents/Thesis/mlruns/549101132328494905/9a76fd8f6b8d48e6b3163a1830c021c1/artifacts,2024-07-14 13:12:32.556000+00:00,2024-07-14 13:14:53.203000+00:00,0.13072353636644785,0.8854830613846141,True,RandomSurvivalForest,True,metrics.ibs,20,True,20,0,1.0,3,2024-07-14T15:12:32,nkuechen,LOCAL,/home/nkuechen/miniconda3/envs/ba_niklas/lib/python3.11/site-packages/ipykernel_launcher.py
5dde32a7678148ceadee04cdaa64c6b3,549101132328494905,FINISHED,/home/nkuechen/Documents/Thesis/mlruns/549101132328494905/5dde32a7678148ceadee04cdaa64c6b3/artifacts,2024-07-14 13:11:05.057000+00:00,2024-07-14 13:12:32.470000+00:00,0.07362249763146994,0.9149249421065757,True,RandomSurvivalForest,True,metrics.ibs,20,True,20,0,1.0,1,2024-07-14T15:11:05,nkuechen,LOCAL,/home/nkuechen/miniconda3/envs/ba_niklas/lib/python3.11/site-packages/ipykernel_launcher.py
55bf844966e24c17a763af42e0551aab,549101132328494905,FINISHED,/home/nkuechen/Documents/Thesis/mlruns/549101132328494905/55bf844966e24c17a763af42e0551aab/artifacts,2024-07-14 13:05:39.232000+00:00,2024-07-14 13:11:04.952000+00:00,0.14178896714610556,0.9143596331558976,True,CoxPHFitter,True,metrics.ibs,20,True,20,5,1.0,10,2024-07-14T15:05:39,nkuechen,LOCAL,/home/nkuechen/miniconda3/envs/ba_niklas/lib/python3.11/site-packages/ipykernel_launcher.py
032046cbedc34c0cb859e33589565339,549101132328494905,FINISHED,/home/nkuechen/Documents/Thesis/mlruns/549101132328494905/032046cbedc34c0cb859e33589565339/artifacts,2024-07-14 13:02:16.983000+00:00,2024-07-14 13:05:39.124000+00:00,0.1186574434256342,0.8777612924600435,True,CoxPHFitter,True,metrics.ibs,20,True,20,5,1.0,5,2024-07-14T15:02:16,nkuechen,LOCAL,/home/nkuechen/miniconda3/envs/ba_niklas/lib/python3.11/site-packages/ipykernel_launcher.py
c12420c8f3aa415394956f6f6db98ee3,549101132328494905,FINISHED,/home/nkuechen/Documents/Thesis/mlruns/549101132328494905/c12420c8f3aa415394956f6f6db98ee3/artifacts,2024-07-14 12:59:56.657000+00:00,2024-07-14 13:02:16.885000+00:00,0.1487579591092244,0.8570729448118408,True,CoxPHFitter,True,metrics.ibs,20,True,20,5,1.0,3,2024-07-14T14:59:56,nkuechen,LOCAL,/home/nkuechen/miniconda3/envs/ba_niklas/lib/python3.11/site-packages/ipykernel_launcher.py
c3bfca3147ba45929d5be4e6d75a7b72,549101132328494905,FINISHED,/home/nkuechen/Documents/Thesis/mlruns/549101132328494905/c3bfca3147ba45929d5be4e6d75a7b72/artifacts,2024-07-14 12:58:24.794000+00:00,2024-07-14 12:59:56.555000+00:00,0.08926104914078808,0.8697312832332095,True,CoxPHFitter,True,metrics.ibs,20,True,20,5,1.0,1,2024-07-14T14:58:24,nkuechen,LOCAL,/home/nkuechen/miniconda3/envs/ba_niklas/lib/python3.11/site-packages/ipykernel_launcher.py
fe6faa40d9054965b2117dd50f8c43b9,549101132328494905,FINISHED,/home/nkuechen/Documents/Thesis/mlruns/549101132328494905/fe6faa40d9054965b2117dd50f8c43b9/artifacts,2024-07-14 12:53:00.346000+00:00,2024-07-14 12:58:24.694000+00:00,0.1434002753817803,0.8120689017487938,True,RandomSurvivalForest,True,metrics.ibs,20,True,20,0,1.0,10,2024-07-14T14:53:00,nkuechen,LOCAL,/home/nkuechen/miniconda3/envs/ba_niklas/lib/python3.11/site-packages/ipykernel_launcher.py
b2e221646a26428b872c15bbba78170f,549101132328494905,FINISHED,/home/nkuechen/Documents/Thesis/mlruns/549101132328494905/b2e221646a26428b872c15bbba78170f/artifacts,2024-07-14 12:49:34.665000+00:00,2024-07-14 12:53:00.246000+00:00,0.14171657908002974,0.8068083807446739,True,RandomSurvivalForest,True,metrics.ibs,20,True,20,0,1.0,5,2024-07-14T14:49:34,nkuechen,LOCAL,/home/nkuechen/miniconda3/envs/ba_niklas/lib/python3.11/site-packages/ipykernel_launcher.py
f9a15f778b794f9ba9e4b7e66999e435,549101132328494905,FINISHED,/home/nkuechen/Documents/Thesis/mlruns/549101132328494905/f9a15f778b794f9ba9e4b7e66999e435/artifacts,2024-07-14 12:47:04.270000+00:00,2024-07-14 12:49:34.553000+00:00,0.11875233448246492,0.8655214472478638,True,RandomSurvivalForest,True,metrics.ibs,20,True,20,0,1.0,3,2024-07-14T14:47:04,nkuechen,LOCAL,/home/nkuechen/miniconda3/envs/ba_niklas/lib/python3.11/site-packages/ipykernel_launcher.py
3fc150bcde3b46a385d091d19cc8bb46,549101132328494905,FINISHED,/home/nkuechen/Documents/Thesis/mlruns/549101132328494905/3fc150bcde3b46a385d091d19cc8bb46/artifacts,2024-07-14 12:45:22.328000+00:00,2024-07-14 12:47:04.147000+00:00,0.0915160418525715,0.8727351515517346,True,RandomSurvivalForest,True,metrics.ibs,20,True,20,0,1.0,1,2024-07-14T14:45:22,nkuechen,LOCAL,/home/nkuechen/miniconda3/envs/ba_niklas/lib/python3.11/site-packages/ipykernel_launcher.py
6d64fbead5144e198f27ab4ec94050be,549101132328494905,FINISHED,/home/nkuechen/Documents/Thesis/mlruns/549101132328494905/6d64fbead5144e198f27ab4ec94050be/artifacts,2024-07-14 12:40:04.977000+00:00,2024-07-14 12:45:22.222000+00:00,0.13682897534824273,0.8781814467009876,True,CoxPHFitter,True,metrics.ibs,20,True,20,5,1.0,10,2024-07-14T14:40:04,nkuechen,LOCAL,/home/nkuechen/miniconda3/envs/ba_niklas/lib/python3.11/site-packages/ipykernel_launcher.py
9aa054ae7a1240bc978c6c8e5944a764,549101132328494905,FINISHED,/home/nkuechen/Documents/Thesis/mlruns/549101132328494905/9aa054ae7a1240bc978c6c8e5944a764/artifacts,2024-07-14 12:37:08.172000+00:00,2024-07-14 12:40:04.878000+00:00,0.08139763733677967,0.9069236507921751,True,CoxPHFitter,True,metrics.ibs,20,True,20,5,1.0,5,2024-07-14T14:37:08,nkuechen,LOCAL,/home/nkuechen/miniconda3/envs/ba_niklas/lib/python3.11/site-packages/ipykernel_launcher.py
eb08877913b2486ab5889ce407f84f85,549101132328494905,FINISHED,/home/nkuechen/Documents/Thesis/mlruns/549101132328494905/eb08877913b2486ab5889ce407f84f85/artifacts,2024-07-14 12:34:54.679000+00:00,2024-07-14 12:37:08.069000+00:00,0.08281089663788407,0.8617062763107965,True,CoxPHFitter,True,metrics.ibs,20,True,20,5,1.0,3,2024-07-14T14:34:54,nkuechen,LOCAL,/home/nkuechen/miniconda3/envs/ba_niklas/lib/python3.11/site-packages/ipykernel_launcher.py
b895ef0171af422eb13489a7ac4f11d6,549101132328494905,FINISHED,/home/nkuechen/Documents/Thesis/mlruns/549101132328494905/b895ef0171af422eb13489a7ac4f11d6/artifacts,2024-07-14 12:33:35.279000+00:00,2024-07-14 12:34:54.588000+00:00,0.10032210020237053,0.8686998503112993,True,CoxPHFitter,True,metrics.ibs,20,True,20,5,1.0,1,2024-07-14T14:33:35,nkuechen,LOCAL,/home/nkuechen/miniconda3/envs/ba_niklas/lib/python3.11/site-packages/ipykernel_launcher.py
8577e25dd8494bda918168809c9aebeb,549101132328494905,FINISHED,/home/nkuechen/Documents/Thesis/mlruns/549101132328494905/8577e25dd8494bda918168809c9aebeb/artifacts,2024-07-14 12:28:38.035000+00:00,2024-07-14 12:33:35.194000+00:00,0.1257929519488563,0.8293954061970635,True,RandomSurvivalForest,True,metrics.ibs,20,True,20,0,1.0,10,2024-07-14T14:28:38,nkuechen,LOCAL,/home/nkuechen/miniconda3/envs/ba_niklas/lib/python3.11/site-packages/ipykernel_launcher.py
b0bb43e08211407d8e3196f88d1ea93f,549101132328494905,FINISHED,/home/nkuechen/Documents/Thesis/mlruns/549101132328494905/b0bb43e08211407d8e3196f88d1ea93f/artifacts,2024-07-14 12:25:37.328000+00:00,2024-07-14 12:28:37.939000+00:00,0.10656556064127343,0.848110273428655,True,RandomSurvivalForest,True,metrics.ibs,20,True,20,0,1.0,5,2024-07-14T14:25:37,nkuechen,LOCAL,/home/nkuechen/miniconda3/envs/ba_niklas/lib/python3.11/site-packages/ipykernel_launcher.py
9f003c58584f4d1cbde5f54dfae55437,549101132328494905,FINISHED,/home/nkuechen/Documents/Thesis/mlruns/549101132328494905/9f003c58584f4d1cbde5f54dfae55437/artifacts,2024-07-14 12:23:24.337000+00:00,2024-07-14 12:25:37.243000+00:00,0.10745351771146375,0.9009828732697007,True,RandomSurvivalForest,True,metrics.ibs,20,True,20,0,1.0,3,2024-07-14T14:23:24,nkuechen,LOCAL,/home/nkuechen/miniconda3/envs/ba_niklas/lib/python3.11/site-packages/ipykernel_launcher.py
dedf67399b0d4068ba93585fa95a2568,549101132328494905,FINISHED,/home/nkuechen/Documents/Thesis/mlruns/549101132328494905/dedf67399b0d4068ba93585fa95a2568/artifacts,2024-07-14 12:21:53.626000+00:00,2024-07-14 12:23:24.247000+00:00,0.1289840359916374,0.8734849537509576,True,RandomSurvivalForest,True,metrics.ibs,20,True,20,0,1.0,1,2024-07-14T14:21:53,nkuechen,LOCAL,/home/nkuechen/miniconda3/envs/ba_niklas/lib/python3.11/site-packages/ipykernel_launcher.py
d4b5ca5a3b2b4267a6d31a5a13632eaa,549101132328494905,FINISHED,/home/nkuechen/Documents/Thesis/mlruns/549101132328494905/d4b5ca5a3b2b4267a6d31a5a13632eaa/artifacts,2024-07-14 12:16:21.302000+00:00,2024-07-14 12:21:53.523000+00:00,0.15046823382241717,0.8224406026307742,True,CoxPHFitter,True,metrics.ibs,20,True,20,5,1.0,10,2024-07-14T14:16:21,nkuechen,LOCAL,/home/nkuechen/miniconda3/envs/ba_niklas/lib/python3.11/site-packages/ipykernel_launcher.py
6d7942da53124ebfb052eeaa145ef630,549101132328494905,FINISHED,/home/nkuechen/Documents/Thesis/mlruns/549101132328494905/6d7942da53124ebfb052eeaa145ef630/artifacts,2024-07-14 12:13:17.057000+00:00,2024-07-14 12:16:21.210000+00:00,0.13646379822033666,0.8607482435558552,True,CoxPHFitter,True,metrics.ibs,20,True,20,5,1.0,5,2024-07-14T14:13:17,nkuechen,LOCAL,/home/nkuechen/miniconda3/envs/ba_niklas/lib/python3.11/site-packages/ipykernel_launcher.py
77756d6d25994ed2a1dd0d3caa5e09de,549101132328494905,FINISHED,/home/nkuechen/Documents/Thesis/mlruns/549101132328494905/77756d6d25994ed2a1dd0d3caa5e09de/artifacts,2024-07-14 12:11:00.145000+00:00,2024-07-14 12:13:16.950000+00:00,0.11872290343934198,0.8570624474549935,True,CoxPHFitter,True,metrics.ibs,20,True,20,5,1.0,3,2024-07-14T14:11:00,nkuechen,LOCAL,/home/nkuechen/miniconda3/envs/ba_niklas/lib/python3.11/site-packages/ipykernel_launcher.py
a125e57f851d41428079c1350f1da2be,549101132328494905,FINISHED,/home/nkuechen/Documents/Thesis/mlruns/549101132328494905/a125e57f851d41428079c1350f1da2be/artifacts,2024-07-14 12:09:29.556000+00:00,2024-07-14 12:11:00.046000+00:00,0.12082990394214205,0.8289057663887806,True,CoxPHFitter,True,metrics.ibs,20,True,20,5,1.0,1,2024-07-14T14:09:29,nkuechen,LOCAL,/home/nkuechen/miniconda3/envs/ba_niklas/lib/python3.11/site-packages/ipykernel_launcher.py
dd5e37c7e7404370af1404462cdd0f94,549101132328494905,FINISHED,/home/nkuechen/Documents/Thesis/mlruns/549101132328494905/dd5e37c7e7404370af1404462cdd0f94/artifacts,2024-07-14 12:04:08.261000+00:00,2024-07-14 12:09:29.464000+00:00,0.11953068292674751,0.8251682134016811,True,RandomSurvivalForest,True,metrics.ibs,20,True,20,0,1.0,10,2024-07-14T14:04:08,nkuechen,LOCAL,/home/nkuechen/miniconda3/envs/ba_niklas/lib/python3.11/site-packages/ipykernel_launcher.py
7dec359b9d114ef39a535c7895c6fbcd,549101132328494905,FINISHED,/home/nkuechen/Documents/Thesis/mlruns/549101132328494905/7dec359b9d114ef39a535c7895c6fbcd/artifacts,2024-07-14 12:01:02.492000+00:00,2024-07-14 12:04:08.177000+00:00,0.14674940634044298,0.8446318823871816,True,RandomSurvivalForest,True,metrics.ibs,20,True,20,0,1.0,5,2024-07-14T14:01:02,nkuechen,LOCAL,/home/nkuechen/miniconda3/envs/ba_niklas/lib/python3.11/site-packages/ipykernel_launcher.py
e1966082c6864618bb9b5c4285aa3ba5,549101132328494905,FINISHED,/home/nkuechen/Documents/Thesis/mlruns/549101132328494905/e1966082c6864618bb9b5c4285aa3ba5/artifacts,2024-07-14 11:58:40.953000+00:00,2024-07-14 12:01:02.396000+00:00,0.11801278191590692,0.8927278503810168,True,RandomSurvivalForest,True,metrics.ibs,20,True,20,0,1.0,3,2024-07-14T13:58:40,nkuechen,LOCAL,/home/nkuechen/miniconda3/envs/ba_niklas/lib/python3.11/site-packages/ipykernel_launcher.py
45219107cb9d4235833cc58b988cff4c,549101132328494905,FINISHED,/home/nkuechen/Documents/Thesis/mlruns/549101132328494905/45219107cb9d4235833cc58b988cff4c/artifacts,2024-07-14 11:57:08.200000+00:00,2024-07-14 11:58:40.853000+00:00,0.09817956082268348,0.8824839785954957,True,RandomSurvivalForest,True,metrics.ibs,20,True,20,0,1.0,1,2024-07-14T13:57:08,nkuechen,LOCAL,/home/nkuechen/miniconda3/envs/ba_niklas/lib/python3.11/site-packages/ipykernel_launcher.py
eed2bda4b3494cdd8de21791f28ebfe9,549101132328494905,FINISHED,/home/nkuechen/Documents/Thesis/mlruns/549101132328494905/eed2bda4b3494cdd8de21791f28ebfe9/artifacts,2024-07-14 11:51:46.605000+00:00,2024-07-14 11:57:08.099000+00:00,0.13510076454011705,0.9016850873892771,True,CoxPHFitter,True,metrics.ibs,20,True,20,5,1.0,10,2024-07-14T13:51:46,nkuechen,LOCAL,/home/nkuechen/miniconda3/envs/ba_niklas/lib/python3.11/site-packages/ipykernel_launcher.py
d4fdd7e962e84841971f11df4ecef757,549101132328494905,FINISHED,/home/nkuechen/Documents/Thesis/mlruns/549101132328494905/d4fdd7e962e84841971f11df4ecef757/artifacts,2024-07-14 11:48:29.391000+00:00,2024-07-14 11:51:46.486000+00:00,0.11118719091457688,0.8859389892196325,True,CoxPHFitter,True,metrics.ibs,20,True,20,5,1.0,5,2024-07-14T13:48:29,nkuechen,LOCAL,/home/nkuechen/miniconda3/envs/ba_niklas/lib/python3.11/site-packages/ipykernel_launcher.py
7f6125382b464bf7a860549880ae5dfe,549101132328494905,FINISHED,/home/nkuechen/Documents/Thesis/mlruns/549101132328494905/7f6125382b464bf7a860549880ae5dfe/artifacts,2024-07-14 11:46:05.801000+00:00,2024-07-14 11:48:29.272000+00:00,0.0727056466839909,0.8807168084304646,True,CoxPHFitter,True,metrics.ibs,20,True,20,5,1.0,3,2024-07-14T13:46:05,nkuechen,LOCAL,/home/nkuechen/miniconda3/envs/ba_niklas/lib/python3.11/site-packages/ipykernel_launcher.py
28660ef4f779458f8d064d9bd907b215,549101132328494905,FINISHED,/home/nkuechen/Documents/Thesis/mlruns/549101132328494905/28660ef4f779458f8d064d9bd907b215/artifacts,2024-07-14 11:44:28.073000+00:00,2024-07-14 11:46:05.710000+00:00,0.09274931146807797,0.9040992108704746,True,CoxPHFitter,True,metrics.ibs,20,True,20,5,1.0,1,2024-07-14T13:44:28,nkuechen,LOCAL,/home/nkuechen/miniconda3/envs/ba_niklas/lib/python3.11/site-packages/ipykernel_launcher.py
b339e58b5ac84a5c864280839d4a52f0,549101132328494905,FINISHED,/home/nkuechen/Documents/Thesis/mlruns/549101132328494905/b339e58b5ac84a5c864280839d4a52f0/artifacts,2024-07-14 11:41:58.577000+00:00,2024-07-14 11:44:27.976000+00:00,0.16323606789667494,0.8059286917085458,True,RandomSurvivalForest,True,metrics.ibs,10,True,20,0,1.0,10,2024-07-14T13:41:58,nkuechen,LOCAL,/home/nkuechen/miniconda3/envs/ba_niklas/lib/python3.11/site-packages/ipykernel_launcher.py
95f806acdb4d4520bddf55fa0972059d,549101132328494905,FINISHED,/home/nkuechen/Documents/Thesis/mlruns/549101132328494905/95f806acdb4d4520bddf55fa0972059d/artifacts,2024-07-14 11:40:16.598000+00:00,2024-07-14 11:41:58.498000+00:00,0.12017751838087426,0.8182576187495638,True,RandomSurvivalForest,True,metrics.ibs,10,True,20,0,1.0,5,2024-07-14T13:40:16,nkuechen,LOCAL,/home/nkuechen/miniconda3/envs/ba_niklas/lib/python3.11/site-packages/ipykernel_launcher.py
dbaf36a2c8304ad6a70e6ca57c9ae84d,549101132328494905,FINISHED,/home/nkuechen/Documents/Thesis/mlruns/549101132328494905/dbaf36a2c8304ad6a70e6ca57c9ae84d/artifacts,2024-07-14 11:38:49.482000+00:00,2024-07-14 11:40:16.515000+00:00,0.10708284090342193,0.8775868256753396,True,RandomSurvivalForest,True,metrics.ibs,10,True,20,0,1.0,3,2024-07-14T13:38:49,nkuechen,LOCAL,/home/nkuechen/miniconda3/envs/ba_niklas/lib/python3.11/site-packages/ipykernel_launcher.py
b1e29554a4b24f9f8fe726bdc42fa4ef,549101132328494905,FINISHED,/home/nkuechen/Documents/Thesis/mlruns/549101132328494905/b1e29554a4b24f9f8fe726bdc42fa4ef/artifacts,2024-07-14 11:37:48.379000+00:00,2024-07-14 11:38:49.397000+00:00,0.09494153725943079,0.865518500206018,True,RandomSurvivalForest,True,metrics.ibs,10,True,20,0,1.0,1,2024-07-14T13:37:48,nkuechen,LOCAL,/home/nkuechen/miniconda3/envs/ba_niklas/lib/python3.11/site-packages/ipykernel_launcher.py
6ae7e777f6f24e9ba44659581645e990,549101132328494905,FINISHED,/home/nkuechen/Documents/Thesis/mlruns/549101132328494905/6ae7e777f6f24e9ba44659581645e990/artifacts,2024-07-14 11:34:53.600000+00:00,2024-07-14 11:37:48.296000+00:00,0.1385599433686683,0.7938667398174124,True,CoxPHFitter,True,metrics.ibs,10,True,20,5,1.0,10,2024-07-14T13:34:53,nkuechen,LOCAL,/home/nkuechen/miniconda3/envs/ba_niklas/lib/python3.11/site-packages/ipykernel_launcher.py
c31efb4c44a14bf7accf72ed86a394c3,549101132328494905,FINISHED,/home/nkuechen/Documents/Thesis/mlruns/549101132328494905/c31efb4c44a14bf7accf72ed86a394c3/artifacts,2024-07-14 11:32:57.473000+00:00,2024-07-14 11:34:53.503000+00:00,0.08664185532054197,0.9008745017685336,True,CoxPHFitter,True,metrics.ibs,10,True,20,5,1.0,5,2024-07-14T13:32:57,nkuechen,LOCAL,/home/nkuechen/miniconda3/envs/ba_niklas/lib/python3.11/site-packages/ipykernel_launcher.py
52b1f568661c43feada1f3c1203962f2,549101132328494905,FINISHED,/home/nkuechen/Documents/Thesis/mlruns/549101132328494905/52b1f568661c43feada1f3c1203962f2/artifacts,2024-07-14 11:31:31.257000+00:00,2024-07-14 11:32:57.356000+00:00,0.12661107560872165,0.8494893563604958,True,CoxPHFitter,True,metrics.ibs,10,True,20,5,1.0,3,2024-07-14T13:31:31,nkuechen,LOCAL,/home/nkuechen/miniconda3/envs/ba_niklas/lib/python3.11/site-packages/ipykernel_launcher.py
6596e26b0bd9431a871b6bdac1090dd1,549101132328494905,FINISHED,/home/nkuechen/Documents/Thesis/mlruns/549101132328494905/6596e26b0bd9431a871b6bdac1090dd1/artifacts,2024-07-14 11:30:32.247000+00:00,2024-07-14 11:31:31.177000+00:00,0.18712279057329445,0.8287251431413578,True,CoxPHFitter,True,metrics.ibs,10,True,20,5,1.0,1,2024-07-14T13:30:32,nkuechen,LOCAL,/home/nkuechen/miniconda3/envs/ba_niklas/lib/python3.11/site-packages/ipykernel_launcher.py
f7b34bb0153b465b8ed5d7ed0e4fc218,549101132328494905,FINISHED,/home/nkuechen/Documents/Thesis/mlruns/549101132328494905/f7b34bb0153b465b8ed5d7ed0e4fc218/artifacts,2024-07-14 11:27:40.642000+00:00,2024-07-14 11:30:32.161000+00:00,0.15159924827754126,0.7880849695117511,True,RandomSurvivalForest,True,metrics.ibs,10,True,20,0,1.0,10,2024-07-14T13:27:40,nkuechen,LOCAL,/home/nkuechen/miniconda3/envs/ba_niklas/lib/python3.11/site-packages/ipykernel_launcher.py
0b077f93cfc44450908a1f65dda4793b,549101132328494905,FINISHED,/home/nkuechen/Documents/Thesis/mlruns/549101132328494905/0b077f93cfc44450908a1f65dda4793b/artifacts,2024-07-14 11:25:50.511000+00:00,2024-07-14 11:27:40.565000+00:00,0.13723320587231375,0.7723308290475506,True,RandomSurvivalForest,True,metrics.ibs,10,True,20,0,1.0,5,2024-07-14T13:25:50,nkuechen,LOCAL,/home/nkuechen/miniconda3/envs/ba_niklas/lib/python3.11/site-packages/ipykernel_launcher.py
a821734b50f9451b8bb5275ff2c1e079,549101132328494905,FINISHED,/home/nkuechen/Documents/Thesis/mlruns/549101132328494905/a821734b50f9451b8bb5275ff2c1e079/artifacts,2024-07-14 11:24:18.490000+00:00,2024-07-14 11:25:50.423000+00:00,0.11145955111731423,0.8916606549548052,True,RandomSurvivalForest,True,metrics.ibs,10,True,20,0,1.0,3,2024-07-14T13:24:18,nkuechen,LOCAL,/home/nkuechen/miniconda3/envs/ba_niklas/lib/python3.11/site-packages/ipykernel_launcher.py
91ecf7f75e6c44d2806752a32a87e5e6,549101132328494905,FINISHED,/home/nkuechen/Documents/Thesis/mlruns/549101132328494905/91ecf7f75e6c44d2806752a32a87e5e6/artifacts,2024-07-14 11:23:08.306000+00:00,2024-07-14 11:24:18.390000+00:00,0.13181523430953584,0.854293609566143,True,RandomSurvivalForest,True,metrics.ibs,10,True,20,0,1.0,1,2024-07-14T13:23:08,nkuechen,LOCAL,/home/nkuechen/miniconda3/envs/ba_niklas/lib/python3.11/site-packages/ipykernel_launcher.py
7f30d719ae4d43ddacae9edbbd2f6294,549101132328494905,FINISHED,/home/nkuechen/Documents/Thesis/mlruns/549101132328494905/7f30d719ae4d43ddacae9edbbd2f6294/artifacts,2024-07-14 11:20:04.804000+00:00,2024-07-14 11:23:08.170000+00:00,0.1320460259866626,0.8405427954673662,True,CoxPHFitter,True,metrics.ibs,10,True,20,5,1.0,10,2024-07-14T13:20:04,nkuechen,LOCAL,/home/nkuechen/miniconda3/envs/ba_niklas/lib/python3.11/site-packages/ipykernel_launcher.py
73bc0791aa8f491e90bb9d58c10c4a91,549101132328494905,FINISHED,/home/nkuechen/Documents/Thesis/mlruns/549101132328494905/73bc0791aa8f491e90bb9d58c10c4a91/artifacts,2024-07-14 11:17:59.262000+00:00,2024-07-14 11:20:04.698000+00:00,0.1316842094496976,0.7961113788237729,True,CoxPHFitter,True,metrics.ibs,10,True,20,5,1.0,5,2024-07-14T13:17:59,nkuechen,LOCAL,/home/nkuechen/miniconda3/envs/ba_niklas/lib/python3.11/site-packages/ipykernel_launcher.py
7e4a0faf414f4c98b7e098bafec3981f,549101132328494905,FINISHED,/home/nkuechen/Documents/Thesis/mlruns/549101132328494905/7e4a0faf414f4c98b7e098bafec3981f/artifacts,2024-07-14 11:16:25.526000+00:00,2024-07-14 11:17:59.187000+00:00,0.14586391513263564,0.7935810833973016,True,CoxPHFitter,True,metrics.ibs,10,True,20,5,1.0,3,2024-07-14T13:16:25,nkuechen,LOCAL,/home/nkuechen/miniconda3/envs/ba_niklas/lib/python3.11/site-packages/ipykernel_launcher.py
9c38f789fb8b431eb6773ad2b0b9a1b9,549101132328494905,FINISHED,/home/nkuechen/Documents/Thesis/mlruns/549101132328494905/9c38f789fb8b431eb6773ad2b0b9a1b9/artifacts,2024-07-14 11:15:20.406000+00:00,2024-07-14 11:16:25.431000+00:00,0.14888584026754986,0.8324820796000194,True,CoxPHFitter,True,metrics.ibs,10,True,20,5,1.0,1,2024-07-14T13:15:20,nkuechen,LOCAL,/home/nkuechen/miniconda3/envs/ba_niklas/lib/python3.11/site-packages/ipykernel_launcher.py
2d054600b6d943ba845594ba42eefc33,549101132328494905,FINISHED,/home/nkuechen/Documents/Thesis/mlruns/549101132328494905/2d054600b6d943ba845594ba42eefc33/artifacts,2024-07-14 11:12:19.363000+00:00,2024-07-14 11:15:20.296000+00:00,0.1789639288631813,0.835141126228242,True,RandomSurvivalForest,True,metrics.ibs,10,True,20,0,1.0,10,2024-07-14T13:12:19,nkuechen,LOCAL,/home/nkuechen/miniconda3/envs/ba_niklas/lib/python3.11/site-packages/ipykernel_launcher.py
69d3f6b57a0d4a9fb68c6a6015ba535f,549101132328494905,FINISHED,/home/nkuechen/Documents/Thesis/mlruns/549101132328494905/69d3f6b57a0d4a9fb68c6a6015ba535f/artifacts,2024-07-14 11:10:15.945000+00:00,2024-07-14 11:12:19.266000+00:00,0.14175856749913693,0.8612782769463693,True,RandomSurvivalForest,True,metrics.ibs,10,True,20,0,1.0,5,2024-07-14T13:10:15,nkuechen,LOCAL,/home/nkuechen/miniconda3/envs/ba_niklas/lib/python3.11/site-packages/ipykernel_launcher.py
0b6b86768839457d9473cacc14af465e,549101132328494905,FINISHED,/home/nkuechen/Documents/Thesis/mlruns/549101132328494905/0b6b86768839457d9473cacc14af465e/artifacts,2024-07-14 11:08:43.376000+00:00,2024-07-14 11:10:15.840000+00:00,0.1325563961075138,0.8594103906322789,True,RandomSurvivalForest,True,metrics.ibs,10,True,20,0,1.0,3,2024-07-14T13:08:43,nkuechen,LOCAL,/home/nkuechen/miniconda3/envs/ba_niklas/lib/python3.11/site-packages/ipykernel_launcher.py
b1b73937cfa04729acaccf43cb6f9726,549101132328494905,FINISHED,/home/nkuechen/Documents/Thesis/mlruns/549101132328494905/b1b73937cfa04729acaccf43cb6f9726/artifacts,2024-07-14 11:07:31.753000+00:00,2024-07-14 11:08:43.280000+00:00,0.17528705987907517,0.8408420103653439,True,RandomSurvivalForest,True,metrics.ibs,10,True,20,0,1.0,1,2024-07-14T13:07:31,nkuechen,LOCAL,/home/nkuechen/miniconda3/envs/ba_niklas/lib/python3.11/site-packages/ipykernel_launcher.py
ec600b5697a44ce68e0eb285adc3b543,549101132328494905,FINISHED,/home/nkuechen/Documents/Thesis/mlruns/549101132328494905/ec600b5697a44ce68e0eb285adc3b543/artifacts,2024-07-14 11:04:27.842000+00:00,2024-07-14 11:07:31.662000+00:00,0.14041594908773797,0.8303688786958806,True,CoxPHFitter,True,metrics.ibs,10,True,20,5,1.0,10,2024-07-14T13:04:27,nkuechen,LOCAL,/home/nkuechen/miniconda3/envs/ba_niklas/lib/python3.11/site-packages/ipykernel_launcher.py
068abb9716284b5e8e3b5ee833fa4579,549101132328494905,FINISHED,/home/nkuechen/Documents/Thesis/mlruns/549101132328494905/068abb9716284b5e8e3b5ee833fa4579/artifacts,2024-07-14 11:02:33.543000+00:00,2024-07-14 11:04:27.756000+00:00,0.12883680315893706,0.8379132173372843,True,CoxPHFitter,True,metrics.ibs,10,True,20,5,1.0,5,2024-07-14T13:02:33,nkuechen,LOCAL,/home/nkuechen/miniconda3/envs/ba_niklas/lib/python3.11/site-packages/ipykernel_launcher.py
93e63055f28c45e395be14b4d24e7fae,549101132328494905,FINISHED,/home/nkuechen/Documents/Thesis/mlruns/549101132328494905/93e63055f28c45e395be14b4d24e7fae/artifacts,2024-07-14 11:01:05.692000+00:00,2024-07-14 11:02:33.443000+00:00,0.18441348387962028,0.6976006555691959,True,CoxPHFitter,True,metrics.ibs,10,True,20,5,1.0,3,2024-07-14T13:01:05,nkuechen,LOCAL,/home/nkuechen/miniconda3/envs/ba_niklas/lib/python3.11/site-packages/ipykernel_launcher.py
16bee6e03335424c83639813ecdd9aff,549101132328494905,FINISHED,/home/nkuechen/Documents/Thesis/mlruns/549101132328494905/16bee6e03335424c83639813ecdd9aff/artifacts,2024-07-14 11:00:04.277000+00:00,2024-07-14 11:01:05.592000+00:00,0.12332559035290121,0.7653851023951549,True,CoxPHFitter,True,metrics.ibs,10,True,20,5,1.0,1,2024-07-14T13:00:04,nkuechen,LOCAL,/home/nkuechen/miniconda3/envs/ba_niklas/lib/python3.11/site-packages/ipykernel_launcher.py
190e1db3138e455b8506944c12631fa7,549101132328494905,FINISHED,/home/nkuechen/Documents/Thesis/mlruns/549101132328494905/190e1db3138e455b8506944c12631fa7/artifacts,2024-07-14 10:56:50.311000+00:00,2024-07-14 11:00:04.184000+00:00,0.12342234703034613,0.8462934964449426,True,RandomSurvivalForest,True,metrics.ibs,10,True,20,0,1.0,10,2024-07-14T12:56:50,nkuechen,LOCAL,/home/nkuechen/miniconda3/envs/ba_niklas/lib/python3.11/site-packages/ipykernel_launcher.py
13e7c77efc69460c90a7522d3cd1d1eb,549101132328494905,FINISHED,/home/nkuechen/Documents/Thesis/mlruns/549101132328494905/13e7c77efc69460c90a7522d3cd1d1eb/artifacts,2024-07-14 10:54:51.882000+00:00,2024-07-14 10:56:50.203000+00:00,0.11861545996713486,0.8750416071766414,True,RandomSurvivalForest,True,metrics.ibs,10,True,20,0,1.0,5,2024-07-14T12:54:51,nkuechen,LOCAL,/home/nkuechen/miniconda3/envs/ba_niklas/lib/python3.11/site-packages/ipykernel_launcher.py
c30ffd6ed3a64642b2039c6bc4b951e6,549101132328494905,FINISHED,/home/nkuechen/Documents/Thesis/mlruns/549101132328494905/c30ffd6ed3a64642b2039c6bc4b951e6/artifacts,2024-07-14 10:53:23.012000+00:00,2024-07-14 10:54:51.782000+00:00,0.1367212739843091,0.858375117758361,True,RandomSurvivalForest,True,metrics.ibs,10,True,20,0,1.0,3,2024-07-14T12:53:23,nkuechen,LOCAL,/home/nkuechen/miniconda3/envs/ba_niklas/lib/python3.11/site-packages/ipykernel_launcher.py
fb9e96e4ac3b4cdaa2119ec789664398,549101132328494905,FINISHED,/home/nkuechen/Documents/Thesis/mlruns/549101132328494905/fb9e96e4ac3b4cdaa2119ec789664398/artifacts,2024-07-14 10:52:21.618000+00:00,2024-07-14 10:53:22.912000+00:00,0.14860582499746275,0.826183838960659,True,RandomSurvivalForest,True,metrics.ibs,10,True,20,0,1.0,1,2024-07-14T12:52:21,nkuechen,LOCAL,/home/nkuechen/miniconda3/envs/ba_niklas/lib/python3.11/site-packages/ipykernel_launcher.py
e58352e0e787441dba5eff048217e9a2,549101132328494905,FINISHED,/home/nkuechen/Documents/Thesis/mlruns/549101132328494905/e58352e0e787441dba5eff048217e9a2/artifacts,2024-07-14 10:49:19.718000+00:00,2024-07-14 10:52:21.515000+00:00,0.1628221361908317,0.7762534527962416,True,CoxPHFitter,True,metrics.ibs,10,True,20,5,1.0,10,2024-07-14T12:49:19,nkuechen,LOCAL,/home/nkuechen/miniconda3/envs/ba_niklas/lib/python3.11/site-packages/ipykernel_launcher.py
a7f1206348014ffa92eb25639f1313d3,549101132328494905,FINISHED,/home/nkuechen/Documents/Thesis/mlruns/549101132328494905/a7f1206348014ffa92eb25639f1313d3/artifacts,2024-07-14 10:47:23.405000+00:00,2024-07-14 10:49:19.616000+00:00,0.11260580201329703,0.8721587901708034,True,CoxPHFitter,True,metrics.ibs,10,True,20,5,1.0,5,2024-07-14T12:47:23,nkuechen,LOCAL,/home/nkuechen/miniconda3/envs/ba_niklas/lib/python3.11/site-packages/ipykernel_launcher.py
0278c5fd4b5e401294fbfa7658c25ca7,549101132328494905,FINISHED,/home/nkuechen/Documents/Thesis/mlruns/549101132328494905/0278c5fd4b5e401294fbfa7658c25ca7/artifacts,2024-07-14 10:46:02.389000+00:00,2024-07-14 10:47:23.305000+00:00,0.1273578312169854,0.7881037697645121,True,CoxPHFitter,True,metrics.ibs,10,True,20,5,1.0,3,2024-07-14T12:46:02,nkuechen,LOCAL,/home/nkuechen/miniconda3/envs/ba_niklas/lib/python3.11/site-packages/ipykernel_launcher.py
c95ebebc1a524fe686cb399a06dee5c8,549101132328494905,FINISHED,/home/nkuechen/Documents/Thesis/mlruns/549101132328494905/c95ebebc1a524fe686cb399a06dee5c8/artifacts,2024-07-14 10:45:05.461000+00:00,2024-07-14 10:46:02.304000+00:00,0.08404982832544486,0.8339324524747671,True,CoxPHFitter,True,metrics.ibs,10,True,20,5,1.0,1,2024-07-14T12:45:05,nkuechen,LOCAL,/home/nkuechen/miniconda3/envs/ba_niklas/lib/python3.11/site-packages/ipykernel_launcher.py
017551929405401593e7e182c98cf0a0,549101132328494905,FINISHED,/home/nkuechen/Documents/Thesis/mlruns/549101132328494905/017551929405401593e7e182c98cf0a0/artifacts,2024-07-14 10:42:12.963000+00:00,2024-07-14 10:45:05.376000+00:00,0.16022200085343813,0.8501995996123198,True,RandomSurvivalForest,True,metrics.ibs,10,True,20,0,1.0,10,2024-07-14T12:42:12,nkuechen,LOCAL,/home/nkuechen/miniconda3/envs/ba_niklas/lib/python3.11/site-packages/ipykernel_launcher.py
d51d05bc7d774aafbda9799d9c6afdfe,549101132328494905,FINISHED,/home/nkuechen/Documents/Thesis/mlruns/549101132328494905/d51d05bc7d774aafbda9799d9c6afdfe/artifacts,2024-07-14 10:40:26.056000+00:00,2024-07-14 10:42:12.875000+00:00,0.15324851928581187,0.8613518719659727,True,RandomSurvivalForest,True,metrics.ibs,10,True,20,0,1.0,5,2024-07-14T12:40:26,nkuechen,LOCAL,/home/nkuechen/miniconda3/envs/ba_niklas/lib/python3.11/site-packages/ipykernel_launcher.py
9a3aa625097845458abaa0d904054d52,549101132328494905,FINISHED,/home/nkuechen/Documents/Thesis/mlruns/549101132328494905/9a3aa625097845458abaa0d904054d52/artifacts,2024-07-14 10:39:02.252000+00:00,2024-07-14 10:40:25.973000+00:00,0.1370289102865535,0.8036253577738723,True,RandomSurvivalForest,True,metrics.ibs,10,True,20,0,1.0,3,2024-07-14T12:39:02,nkuechen,LOCAL,/home/nkuechen/miniconda3/envs/ba_niklas/lib/python3.11/site-packages/ipykernel_launcher.py
e09dd45a0ac24fc286e996a2cc8be817,549101132328494905,FINISHED,/home/nkuechen/Documents/Thesis/mlruns/549101132328494905/e09dd45a0ac24fc286e996a2cc8be817/artifacts,2024-07-14 10:38:03.835000+00:00,2024-07-14 10:39:02.163000+00:00,0.10874300405128623,0.8538165776683185,True,RandomSurvivalForest,True,metrics.ibs,10,True,20,0,1.0,1,2024-07-14T12:38:03,nkuechen,LOCAL,/home/nkuechen/miniconda3/envs/ba_niklas/lib/python3.11/site-packages/ipykernel_launcher.py
9ab290950de04299916e652986b3511c,549101132328494905,FINISHED,/home/nkuechen/Documents/Thesis/mlruns/549101132328494905/9ab290950de04299916e652986b3511c/artifacts,2024-07-14 10:35:09.616000+00:00,2024-07-14 10:38:03.748000+00:00,0.13697196955246344,0.8819776395779675,True,CoxPHFitter,True,metrics.ibs,10,True,20,5,1.0,10,2024-07-14T12:35:09,nkuechen,LOCAL,/home/nkuechen/miniconda3/envs/ba_niklas/lib/python3.11/site-packages/ipykernel_launcher.py
db87d581b66447fbb76255952991bdbb,549101132328494905,FINISHED,/home/nkuechen/Documents/Thesis/mlruns/549101132328494905/db87d581b66447fbb76255952991bdbb/artifacts,2024-07-14 10:33:18.679000+00:00,2024-07-14 10:35:09.531000+00:00,0.13892908094087675,0.8740733489853904,True,CoxPHFitter,True,metrics.ibs,10,True,20,5,1.0,5,2024-07-14T12:33:18,nkuechen,LOCAL,/home/nkuechen/miniconda3/envs/ba_niklas/lib/python3.11/site-packages/ipykernel_launcher.py
040a008284354645a2c72c99d0a34fe2,549101132328494905,FINISHED,/home/nkuechen/Documents/Thesis/mlruns/549101132328494905/040a008284354645a2c72c99d0a34fe2/artifacts,2024-07-14 10:32:00.189000+00:00,2024-07-14 10:33:18.591000+00:00,0.08955864062139358,0.8743025164858031,True,CoxPHFitter,True,metrics.ibs,10,True,20,5,1.0,3,2024-07-14T12:32:00,nkuechen,LOCAL,/home/nkuechen/miniconda3/envs/ba_niklas/lib/python3.11/site-packages/ipykernel_launcher.py
4c624e95d2b04948b523d3b1de6d4d95,549101132328494905,FINISHED,/home/nkuechen/Documents/Thesis/mlruns/549101132328494905/4c624e95d2b04948b523d3b1de6d4d95/artifacts,2024-07-14 10:31:01.666000+00:00,2024-07-14 10:32:00.104000+00:00,0.09716518428923732,0.8581061955127081,True,CoxPHFitter,True,metrics.ibs,10,True,20,5,1.0,1,2024-07-14T12:31:01,nkuechen,LOCAL,/home/nkuechen/miniconda3/envs/ba_niklas/lib/python3.11/site-packages/ipykernel_launcher.py
90a275aa9933470898e94b709cdfe9e8,549101132328494905,FINISHED,/home/nkuechen/Documents/Thesis/mlruns/549101132328494905/90a275aa9933470898e94b709cdfe9e8/artifacts,2024-07-13 21:34:28.398000+00:00,2024-07-13 21:49:06.219000+00:00,0.08722965546247069,0.8809439787349794,True,RandomSurvivalForest,True,metrics.ibs,63,True,20,0,1.0,10,2024-07-13T23:34:28,nkuechen,LOCAL,/home/nkuechen/miniconda3/envs/ba_niklas/lib/python3.11/site-packages/ipykernel_launcher.py
cf43128cc292479d955485b597a31f8d,549101132328494905,FINISHED,/home/nkuechen/Documents/Thesis/mlruns/549101132328494905/cf43128cc292479d955485b597a31f8d/artifacts,2024-07-13 21:25:56.696000+00:00,2024-07-13 21:34:28.313000+00:00,0.095479426134396,0.9059164158116099,True,RandomSurvivalForest,True,metrics.ibs,63,True,20,0,1.0,5,2024-07-13T23:25:56,nkuechen,LOCAL,/home/nkuechen/miniconda3/envs/ba_niklas/lib/python3.11/site-packages/ipykernel_launcher.py
6da414663dc24d09b9587075dd74fbdc,549101132328494905,FINISHED,/home/nkuechen/Documents/Thesis/mlruns/549101132328494905/6da414663dc24d09b9587075dd74fbdc/artifacts,2024-07-13 21:20:14.595000+00:00,2024-07-13 21:25:56.597000+00:00,0.09031909041057296,0.8850359645229194,True,RandomSurvivalForest,True,metrics.ibs,63,True,20,0,1.0,3,2024-07-13T23:20:14,nkuechen,LOCAL,/home/nkuechen/miniconda3/envs/ba_niklas/lib/python3.11/site-packages/ipykernel_launcher.py
c23301444d9449b0996445cccc1c316b,549101132328494905,FINISHED,/home/nkuechen/Documents/Thesis/mlruns/549101132328494905/c23301444d9449b0996445cccc1c316b/artifacts,2024-07-13 21:16:57.408000+00:00,2024-07-13 21:20:14.509000+00:00,0.0701076050394483,0.8935327337465407,True,RandomSurvivalForest,True,metrics.ibs,63,True,20,0,1.0,1,2024-07-13T23:16:57,nkuechen,LOCAL,/home/nkuechen/miniconda3/envs/ba_niklas/lib/python3.11/site-packages/ipykernel_launcher.py
79d38faface3459ca74e25f5185a43fd,549101132328494905,FINISHED,/home/nkuechen/Documents/Thesis/mlruns/549101132328494905/79d38faface3459ca74e25f5185a43fd/artifacts,2024-07-13 21:01:57.859000+00:00,2024-07-13 21:16:57.317000+00:00,0.10930707870650719,0.8866866020526163,True,CoxPHFitter,True,metrics.ibs,63,True,20,5,1.0,10,2024-07-13T23:01:57,nkuechen,LOCAL,/home/nkuechen/miniconda3/envs/ba_niklas/lib/python3.11/site-packages/ipykernel_launcher.py
6a3df7a8a59742d5aa056721d0806244,549101132328494905,FINISHED,/home/nkuechen/Documents/Thesis/mlruns/549101132328494905/6a3df7a8a59742d5aa056721d0806244/artifacts,2024-07-13 20:53:22.978000+00:00,2024-07-13 21:01:57.764000+00:00,0.09236282217619188,0.8833649631341653,True,CoxPHFitter,True,metrics.ibs,63,True,20,5,1.0,5,2024-07-13T22:53:22,nkuechen,LOCAL,/home/nkuechen/miniconda3/envs/ba_niklas/lib/python3.11/site-packages/ipykernel_launcher.py
dd7e99219d6d4e658ee2ecfcf224d959,549101132328494905,FINISHED,/home/nkuechen/Documents/Thesis/mlruns/549101132328494905/dd7e99219d6d4e658ee2ecfcf224d959/artifacts,2024-07-13 20:47:50.443000+00:00,2024-07-13 20:53:22.895000+00:00,0.09260826948300147,0.8646196771116395,True,CoxPHFitter,True,metrics.ibs,63,True,20,5,1.0,3,2024-07-13T22:47:50,nkuechen,LOCAL,/home/nkuechen/miniconda3/envs/ba_niklas/lib/python3.11/site-packages/ipykernel_launcher.py
f79dea0e67f84e8eb5b0b4989b595bdc,549101132328494905,FINISHED,/home/nkuechen/Documents/Thesis/mlruns/549101132328494905/f79dea0e67f84e8eb5b0b4989b595bdc/artifacts,2024-07-13 20:44:47.358000+00:00,2024-07-13 20:47:50.359000+00:00,0.09134737125229148,0.8786619188061173,True,CoxPHFitter,True,metrics.ibs,63,True,20,5,1.0,1,2024-07-13T22:44:47,nkuechen,LOCAL,/home/nkuechen/miniconda3/envs/ba_niklas/lib/python3.11/site-packages/ipykernel_launcher.py
3095077a7b774ed3b27ee218d5e6f4f8,549101132328494905,FINISHED,/home/nkuechen/Documents/Thesis/mlruns/549101132328494905/3095077a7b774ed3b27ee218d5e6f4f8/artifacts,2024-07-13 20:30:23.362000+00:00,2024-07-13 20:44:47.273000+00:00,0.10794044458202193,0.8483992938564092,True,RandomSurvivalForest,True,metrics.ibs,63,True,20,0,1.0,10,2024-07-13T22:30:23,nkuechen,LOCAL,/home/nkuechen/miniconda3/envs/ba_niklas/lib/python3.11/site-packages/ipykernel_launcher.py
a3d1cc54fa8e42aea1eb0da088c7e2d0,549101132328494905,FINISHED,/home/nkuechen/Documents/Thesis/mlruns/549101132328494905/a3d1cc54fa8e42aea1eb0da088c7e2d0/artifacts,2024-07-13 20:22:21.285000+00:00,2024-07-13 20:30:23.278000+00:00,0.09987358788821984,0.8850587644698535,True,RandomSurvivalForest,True,metrics.ibs,63,True,20,0,1.0,5,2024-07-13T22:22:21,nkuechen,LOCAL,/home/nkuechen/miniconda3/envs/ba_niklas/lib/python3.11/site-packages/ipykernel_launcher.py
6412b9d9146343089104edebec9dff6a,549101132328494905,FINISHED,/home/nkuechen/Documents/Thesis/mlruns/549101132328494905/6412b9d9146343089104edebec9dff6a/artifacts,2024-07-13 20:16:48.303000+00:00,2024-07-13 20:22:21.202000+00:00,0.08150629492976505,0.8842515732062273,True,RandomSurvivalForest,True,metrics.ibs,63,True,20,0,1.0,3,2024-07-13T22:16:48,nkuechen,LOCAL,/home/nkuechen/miniconda3/envs/ba_niklas/lib/python3.11/site-packages/ipykernel_launcher.py
8d8ca96aa4f447d39f4eac6e147d1879,549101132328494905,FINISHED,/home/nkuechen/Documents/Thesis/mlruns/549101132328494905/8d8ca96aa4f447d39f4eac6e147d1879/artifacts,2024-07-13 20:13:43.003000+00:00,2024-07-13 20:16:48.218000+00:00,0.07934829161778272,0.8700720900169872,True,RandomSurvivalForest,True,metrics.ibs,63,True,20,0,1.0,1,2024-07-13T22:13:43,nkuechen,LOCAL,/home/nkuechen/miniconda3/envs/ba_niklas/lib/python3.11/site-packages/ipykernel_launcher.py
d6dd5ab985bd4c448f1859342160d4a2,549101132328494905,FINISHED,/home/nkuechen/Documents/Thesis/mlruns/549101132328494905/d6dd5ab985bd4c448f1859342160d4a2/artifacts,2024-07-13 19:59:38.773000+00:00,2024-07-13 20:13:42.919000+00:00,0.15582365987925903,0.8869818416857144,True,CoxPHFitter,True,metrics.ibs,63,True,20,5,1.0,10,2024-07-13T21:59:38,nkuechen,LOCAL,/home/nkuechen/miniconda3/envs/ba_niklas/lib/python3.11/site-packages/ipykernel_launcher.py
d68a2fc4b9504fd88365e8a6337d8d7f,549101132328494905,FINISHED,/home/nkuechen/Documents/Thesis/mlruns/549101132328494905/d68a2fc4b9504fd88365e8a6337d8d7f/artifacts,2024-07-13 19:51:38.638000+00:00,2024-07-13 19:59:38.688000+00:00,0.11568763922314718,0.8243542552372705,True,CoxPHFitter,True,metrics.ibs,63,True,20,5,1.0,5,2024-07-13T21:51:38,nkuechen,LOCAL,/home/nkuechen/miniconda3/envs/ba_niklas/lib/python3.11/site-packages/ipykernel_launcher.py
ae5e3ec8ce2b47e6b5d34ef933ac3c1b,549101132328494905,FINISHED,/home/nkuechen/Documents/Thesis/mlruns/549101132328494905/ae5e3ec8ce2b47e6b5d34ef933ac3c1b/artifacts,2024-07-13 19:45:50.021000+00:00,2024-07-13 19:51:38.553000+00:00,0.08684215619312392,0.8792632051800933,True,CoxPHFitter,True,metrics.ibs,63,True,20,5,1.0,3,2024-07-13T21:45:50,nkuechen,LOCAL,/home/nkuechen/miniconda3/envs/ba_niklas/lib/python3.11/site-packages/ipykernel_launcher.py
3b5505c4c3be46db986a15a027ed0bef,549101132328494905,FINISHED,/home/nkuechen/Documents/Thesis/mlruns/549101132328494905/3b5505c4c3be46db986a15a027ed0bef/artifacts,2024-07-13 19:42:49.532000+00:00,2024-07-13 19:45:49.938000+00:00,0.07464951192417749,0.8752685598988774,True,CoxPHFitter,True,metrics.ibs,63,True,20,5,1.0,1,2024-07-13T21:42:49,nkuechen,LOCAL,/home/nkuechen/miniconda3/envs/ba_niklas/lib/python3.11/site-packages/ipykernel_launcher.py
b76f5d57b7be489397949e4748864e3d,549101132328494905,FINISHED,/home/nkuechen/Documents/Thesis/mlruns/549101132328494905/b76f5d57b7be489397949e4748864e3d/artifacts,2024-07-13 19:27:50.402000+00:00,2024-07-13 19:42:49.447000+00:00,0.09094755004748004,0.8944518913234009,True,RandomSurvivalForest,True,metrics.ibs,63,True,20,0,1.0,10,2024-07-13T21:27:50,nkuechen,LOCAL,/home/nkuechen/miniconda3/envs/ba_niklas/lib/python3.11/site-packages/ipykernel_launcher.py
0e071016b9ae4904a70ed07670841e4d,549101132328494905,FINISHED,/home/nkuechen/Documents/Thesis/mlruns/549101132328494905/0e071016b9ae4904a70ed07670841e4d/artifacts,2024-07-13 19:19:24.507000+00:00,2024-07-13 19:27:50.320000+00:00,0.10244596761734995,0.8610469097672757,True,RandomSurvivalForest,True,metrics.ibs,63,True,20,0,1.0,5,2024-07-13T21:19:24,nkuechen,LOCAL,/home/nkuechen/miniconda3/envs/ba_niklas/lib/python3.11/site-packages/ipykernel_launcher.py
fb275f87ece744b6a835dce0d7cc5536,549101132328494905,FINISHED,/home/nkuechen/Documents/Thesis/mlruns/549101132328494905/fb275f87ece744b6a835dce0d7cc5536/artifacts,2024-07-13 19:13:32.500000+00:00,2024-07-13 19:19:24.408000+00:00,0.08437873886391552,0.9023473488550806,True,RandomSurvivalForest,True,metrics.ibs,63,True,20,0,1.0,3,2024-07-13T21:13:32,nkuechen,LOCAL,/home/nkuechen/miniconda3/envs/ba_niklas/lib/python3.11/site-packages/ipykernel_launcher.py
6c4930e596144cc480b5bb2daafabaae,549101132328494905,FINISHED,/home/nkuechen/Documents/Thesis/mlruns/549101132328494905/6c4930e596144cc480b5bb2daafabaae/artifacts,2024-07-13 19:10:17.285000+00:00,2024-07-13 19:13:32.415000+00:00,0.07104231604543064,0.8918477104096155,True,RandomSurvivalForest,True,metrics.ibs,63,True,20,0,1.0,1,2024-07-13T21:10:17,nkuechen,LOCAL,/home/nkuechen/miniconda3/envs/ba_niklas/lib/python3.11/site-packages/ipykernel_launcher.py
6f806d0dfdc143a2a61eefb0eec679ee,549101132328494905,FINISHED,/home/nkuechen/Documents/Thesis/mlruns/549101132328494905/6f806d0dfdc143a2a61eefb0eec679ee/artifacts,2024-07-13 18:55:19.362000+00:00,2024-07-13 19:10:17.187000+00:00,0.1411311260077432,0.8657972743799944,True,CoxPHFitter,True,metrics.ibs,63,True,20,5,1.0,10,2024-07-13T20:55:19,nkuechen,LOCAL,/home/nkuechen/miniconda3/envs/ba_niklas/lib/python3.11/site-packages/ipykernel_launcher.py
c4b1bf2990554262b201295b9d874e60,549101132328494905,FINISHED,/home/nkuechen/Documents/Thesis/mlruns/549101132328494905/c4b1bf2990554262b201295b9d874e60/artifacts,2024-07-13 18:46:44.362000+00:00,2024-07-13 18:55:19.281000+00:00,0.10656297141818591,0.8858238146248236,True,CoxPHFitter,True,metrics.ibs,63,True,20,5,1.0,5,2024-07-13T20:46:44,nkuechen,LOCAL,/home/nkuechen/miniconda3/envs/ba_niklas/lib/python3.11/site-packages/ipykernel_launcher.py
47e96569c08245fc92e5709ee4939e8e,549101132328494905,FINISHED,/home/nkuechen/Documents/Thesis/mlruns/549101132328494905/47e96569c08245fc92e5709ee4939e8e/artifacts,2024-07-13 18:40:51.725000+00:00,2024-07-13 18:46:44.267000+00:00,0.08017014322225023,0.900471094075681,True,CoxPHFitter,True,metrics.ibs,63,True,20,5,1.0,3,2024-07-13T20:40:51,nkuechen,LOCAL,/home/nkuechen/miniconda3/envs/ba_niklas/lib/python3.11/site-packages/ipykernel_launcher.py
a7eb438a4f824be6a554b9e0223062cd,549101132328494905,FINISHED,/home/nkuechen/Documents/Thesis/mlruns/549101132328494905/a7eb438a4f824be6a554b9e0223062cd/artifacts,2024-07-13 18:37:49.441000+00:00,2024-07-13 18:40:51.642000+00:00,0.0903459391960262,0.8938691130082416,True,CoxPHFitter,True,metrics.ibs,63,True,20,5,1.0,1,2024-07-13T20:37:49,nkuechen,LOCAL,/home/nkuechen/miniconda3/envs/ba_niklas/lib/python3.11/site-packages/ipykernel_launcher.py
56063220ff3b4c448bb47d14d0e86ac4,549101132328494905,FINISHED,/home/nkuechen/Documents/Thesis/mlruns/549101132328494905/56063220ff3b4c448bb47d14d0e86ac4/artifacts,2024-07-13 18:23:31.625000+00:00,2024-07-13 18:37:49.356000+00:00,0.10841798183565958,0.9020925665229476,True,RandomSurvivalForest,True,metrics.ibs,63,True,20,0,1.0,10,2024-07-13T20:23:31,nkuechen,LOCAL,/home/nkuechen/miniconda3/envs/ba_niklas/lib/python3.11/site-packages/ipykernel_launcher.py
bc694ea5fa4b46e5bc566c35f73128f3,549101132328494905,FINISHED,/home/nkuechen/Documents/Thesis/mlruns/549101132328494905/bc694ea5fa4b46e5bc566c35f73128f3/artifacts,2024-07-13 18:15:33.784000+00:00,2024-07-13 18:23:31.540000+00:00,0.09761470161690505,0.8752488252676177,True,RandomSurvivalForest,True,metrics.ibs,63,True,20,0,1.0,5,2024-07-13T20:15:33,nkuechen,LOCAL,/home/nkuechen/miniconda3/envs/ba_niklas/lib/python3.11/site-packages/ipykernel_launcher.py
9335a3eed8574834a8d3c6503f185e91,549101132328494905,FINISHED,/home/nkuechen/Documents/Thesis/mlruns/549101132328494905/9335a3eed8574834a8d3c6503f185e91/artifacts,2024-07-13 18:09:57.414000+00:00,2024-07-13 18:15:33.698000+00:00,0.0899734580803458,0.8727775439426613,True,RandomSurvivalForest,True,metrics.ibs,63,True,20,0,1.0,3,2024-07-13T20:09:57,nkuechen,LOCAL,/home/nkuechen/miniconda3/envs/ba_niklas/lib/python3.11/site-packages/ipykernel_launcher.py
75f564cc2a1648f3b8e4f748edf328c0,549101132328494905,FINISHED,/home/nkuechen/Documents/Thesis/mlruns/549101132328494905/75f564cc2a1648f3b8e4f748edf328c0/artifacts,2024-07-13 18:06:51.155000+00:00,2024-07-13 18:09:57.331000+00:00,0.07187942595309409,0.8920554009671673,True,RandomSurvivalForest,True,metrics.ibs,63,True,20,0,1.0,1,2024-07-13T20:06:51,nkuechen,LOCAL,/home/nkuechen/miniconda3/envs/ba_niklas/lib/python3.11/site-packages/ipykernel_launcher.py
551ab58bccd540cb99737fbb7c20a1cc,549101132328494905,FINISHED,/home/nkuechen/Documents/Thesis/mlruns/549101132328494905/551ab58bccd540cb99737fbb7c20a1cc/artifacts,2024-07-13 17:52:55.083000+00:00,2024-07-13 18:06:51.072000+00:00,0.1415601485932691,0.8908152537501897,True,CoxPHFitter,True,metrics.ibs,63,True,20,5,1.0,10,2024-07-13T19:52:55,nkuechen,LOCAL,/home/nkuechen/miniconda3/envs/ba_niklas/lib/python3.11/site-packages/ipykernel_launcher.py
73c44bffacda4e88ab358268dff550f2,549101132328494905,FINISHED,/home/nkuechen/Documents/Thesis/mlruns/549101132328494905/73c44bffacda4e88ab358268dff550f2/artifacts,2024-07-13 17:45:02.255000+00:00,2024-07-13 17:52:54.988000+00:00,0.11102990815607149,0.8400491644167467,True,CoxPHFitter,True,metrics.ibs,63,True,20,5,1.0,5,2024-07-13T19:45:02,nkuechen,LOCAL,/home/nkuechen/miniconda3/envs/ba_niklas/lib/python3.11/site-packages/ipykernel_launcher.py
7918129654134c67815f27ab20392475,549101132328494905,FINISHED,/home/nkuechen/Documents/Thesis/mlruns/549101132328494905/7918129654134c67815f27ab20392475/artifacts,2024-07-13 17:39:33.539000+00:00,2024-07-13 17:45:02.172000+00:00,0.09698429035524381,0.8990867873362208,True,CoxPHFitter,True,metrics.ibs,63,True,20,5,1.0,3,2024-07-13T19:39:33,nkuechen,LOCAL,/home/nkuechen/miniconda3/envs/ba_niklas/lib/python3.11/site-packages/ipykernel_launcher.py
b82f555c822d4c158b08c8ca9b26344e,549101132328494905,FINISHED,/home/nkuechen/Documents/Thesis/mlruns/549101132328494905/b82f555c822d4c158b08c8ca9b26344e/artifacts,2024-07-13 17:36:32.553000+00:00,2024-07-13 17:39:33.455000+00:00,0.07282628689985404,0.9025786033540661,True,CoxPHFitter,True,metrics.ibs,63,True,20,5,1.0,1,2024-07-13T19:36:32,nkuechen,LOCAL,/home/nkuechen/miniconda3/envs/ba_niklas/lib/python3.11/site-packages/ipykernel_launcher.py
2bbc4f8b163b424697ddeb5e3b14e7da,549101132328494905,FINISHED,/home/nkuechen/Documents/Thesis/mlruns/549101132328494905/2bbc4f8b163b424697ddeb5e3b14e7da/artifacts,2024-07-13 14:09:34.368000+00:00,2024-07-13 14:23:52.763000+00:00,0.09997383290922507,0.89074749289642,True,RandomSurvivalForest,True,metrics.ibs,63,True,20,0,1.0,10,2024-07-13T16:09:34,nkuechen,LOCAL,/home/nkuechen/miniconda3/envs/ba_niklas/lib/python3.11/site-packages/ipykernel_launcher.py
e1add291fb194889af10132672be8141,549101132328494905,FINISHED,/home/nkuechen/Documents/Thesis/mlruns/549101132328494905/e1add291fb194889af10132672be8141/artifacts,2024-07-13 14:01:48.997000+00:00,2024-07-13 14:09:34.283000+00:00,0.11468578345481603,0.8921381213335406,True,RandomSurvivalForest,True,metrics.ibs,63,True,20,0,1.0,5,2024-07-13T16:01:48,nkuechen,LOCAL,/home/nkuechen/miniconda3/envs/ba_niklas/lib/python3.11/site-packages/ipykernel_launcher.py
9d21fe6176c04c8c9667f4d1e344d2ab,549101132328494905,FINISHED,/home/nkuechen/Documents/Thesis/mlruns/549101132328494905/9d21fe6176c04c8c9667f4d1e344d2ab/artifacts,2024-07-13 13:56:57.406000+00:00,2024-07-13 14:01:48.918000+00:00,0.09404010006792306,0.8983359851129731,True,RandomSurvivalForest,True,metrics.ibs,63,True,20,0,1.0,3,2024-07-13T15:56:57,nkuechen,LOCAL,/home/nkuechen/miniconda3/envs/ba_niklas/lib/python3.11/site-packages/ipykernel_launcher.py
bc63b0a85853411bbae0e9db1326d634,549101132328494905,FINISHED,/home/nkuechen/Documents/Thesis/mlruns/549101132328494905/bc63b0a85853411bbae0e9db1326d634/artifacts,2024-07-13 13:54:11.532000+00:00,2024-07-13 13:56:57.333000+00:00,0.09016696647992758,0.8896991972735213,True,RandomSurvivalForest,True,metrics.ibs,63,True,20,0,1.0,1,2024-07-13T15:54:11,nkuechen,LOCAL,/home/nkuechen/miniconda3/envs/ba_niklas/lib/python3.11/site-packages/ipykernel_launcher.py
1184563f2022432a9fa7bd1a5e192d32,549101132328494905,FINISHED,/home/nkuechen/Documents/Thesis/mlruns/549101132328494905/1184563f2022432a9fa7bd1a5e192d32/artifacts,2024-07-13 13:41:22.144000+00:00,2024-07-13 13:54:11.454000+00:00,0.11568798529502092,0.8871446492980508,True,CoxPHFitter,True,metrics.ibs,63,True,20,5,1.0,10,2024-07-13T15:41:22,nkuechen,LOCAL,/home/nkuechen/miniconda3/envs/ba_niklas/lib/python3.11/site-packages/ipykernel_launcher.py
ec7b09cb4f1a4a93a0de1ee3c9a5391e,549101132328494905,FINISHED,/home/nkuechen/Documents/Thesis/mlruns/549101132328494905/ec7b09cb4f1a4a93a0de1ee3c9a5391e/artifacts,2024-07-13 13:34:08.400000+00:00,2024-07-13 13:41:22.071000+00:00,0.1293481364069677,0.9056536131597217,True,CoxPHFitter,True,metrics.ibs,63,True,20,5,1.0,5,2024-07-13T15:34:08,nkuechen,LOCAL,/home/nkuechen/miniconda3/envs/ba_niklas/lib/python3.11/site-packages/ipykernel_launcher.py
d5886362a0e64a158cf3701ccfc049d6,549101132328494905,FINISHED,/home/nkuechen/Documents/Thesis/mlruns/549101132328494905/d5886362a0e64a158cf3701ccfc049d6/artifacts,2024-07-13 13:29:01.229000+00:00,2024-07-13 13:34:08.322000+00:00,0.07538463899869202,0.8787088953648985,True,CoxPHFitter,True,metrics.ibs,63,True,20,5,1.0,3,2024-07-13T15:29:01,nkuechen,LOCAL,/home/nkuechen/miniconda3/envs/ba_niklas/lib/python3.11/site-packages/ipykernel_launcher.py
fff5119b435b4d9995079eb5d11ebaca,549101132328494905,FINISHED,/home/nkuechen/Documents/Thesis/mlruns/549101132328494905/fff5119b435b4d9995079eb5d11ebaca/artifacts,2024-07-13 13:26:18.074000+00:00,2024-07-13 13:29:01.154000+00:00,0.07017233828350466,0.9044099289996561,True,CoxPHFitter,True,metrics.ibs,63,True,20,5,1.0,1,2024-07-13T15:26:18,nkuechen,LOCAL,/home/nkuechen/miniconda3/envs/ba_niklas/lib/python3.11/site-packages/ipykernel_launcher.py
